Symbol,Name,TotalScore,Growth,Profitability,Stability,Activity,Links
036000,예림당,99.16666666666667,100.0,100.0,97.5,,"<a href=""https://m.stock.naver.com/domestic/stock/036000/total"" target=""_blank"">Naver Mobile</a>"
402340,SK스퀘어,96.23333333333333,100.0,92.9,95.8,,"<a href=""https://m.stock.naver.com/domestic/stock/402340/total"" target=""_blank"">Naver Mobile</a>"
408920,메쎄이상,93.4,100.0,92.6,97.2,83.8,"<a href=""https://m.stock.naver.com/domestic/stock/408920/total"" target=""_blank"">Naver Mobile</a>"
005710,대원산업,93.26666666666667,100.0,82.5,97.3,,"<a href=""https://m.stock.naver.com/domestic/stock/005710/total"" target=""_blank"">Naver Mobile</a>"
123330,제닉,92.05,100.0,86.5,93.7,88.0,"<a href=""https://m.stock.naver.com/domestic/stock/123330/total"" target=""_blank"">Naver Mobile</a>"
340570,티앤엘,91.85,100.0,93.4,95.4,78.6,"<a href=""https://m.stock.naver.com/domestic/stock/340570/total"" target=""_blank"">Naver Mobile</a>"
003350,한국화장품제조,91.75,100.0,86.6,98.0,82.4,"<a href=""https://m.stock.naver.com/domestic/stock/003350/total"" target=""_blank"">Naver Mobile</a>"
123860,아나패스,91.725,100.0,82.2,97.3,87.4,"<a href=""https://m.stock.naver.com/domestic/stock/123860/total"" target=""_blank"">Naver Mobile</a>"
035900,JYP Ent.,91.1,100.0,84.1,96.1,84.2,"<a href=""https://m.stock.naver.com/domestic/stock/035900/total"" target=""_blank"">Naver Mobile</a>"
002290,삼일기업공사,90.75,100.0,72.0,98.3,92.7,"<a href=""https://m.stock.naver.com/domestic/stock/002290/total"" target=""_blank"">Naver Mobile</a>"
058470,리노공업,90.55000000000001,98.2,95.9,98.8,69.3,"<a href=""https://m.stock.naver.com/domestic/stock/058470/total"" target=""_blank"">Naver Mobile</a>"
403870,HPSP,90.45,100.0,100.0,98.8,63.0,"<a href=""https://m.stock.naver.com/domestic/stock/403870/total"" target=""_blank"">Naver Mobile</a>"
083500,에프엔에스테크,90.17500000000001,100.0,78.1,96.2,86.4,"<a href=""https://m.stock.naver.com/domestic/stock/083500/total"" target=""_blank"">Naver Mobile</a>"
030190,NICE평가정보,89.95,97.1,82.0,97.7,83.0,"<a href=""https://m.stock.naver.com/domestic/stock/030190/total"" target=""_blank"">Naver Mobile</a>"
098120,마이크로컨텍솔,89.7,100.0,82.2,98.8,77.8,"<a href=""https://m.stock.naver.com/domestic/stock/098120/total"" target=""_blank"">Naver Mobile</a>"
300080,플리토,89.575,100.0,86.8,91.5,80.0,"<a href=""https://m.stock.naver.com/domestic/stock/300080/total"" target=""_blank"">Naver Mobile</a>"
020710,시공테크,89.35000000000001,100.0,75.0,96.6,85.8,"<a href=""https://m.stock.naver.com/domestic/stock/020710/total"" target=""_blank"">Naver Mobile</a>"
260970,에스앤디,89.35,98.7,80.6,98.2,79.9,"<a href=""https://m.stock.naver.com/domestic/stock/260970/total"" target=""_blank"">Naver Mobile</a>"
356890,싸이버원,88.975,100.0,87.1,81.4,87.4,"<a href=""https://m.stock.naver.com/domestic/stock/356890/total"" target=""_blank"">Naver Mobile</a>"
204610,티쓰리,88.975,98.9,87.0,94.5,75.5,"<a href=""https://m.stock.naver.com/domestic/stock/204610/total"" target=""_blank"">Naver Mobile</a>"
080010,이상네트웍스,88.75,98.7,81.0,97.5,77.8,"<a href=""https://m.stock.naver.com/domestic/stock/080010/total"" target=""_blank"">Naver Mobile</a>"
419120,산돌,88.625,100.0,87.9,88.6,78.0,"<a href=""https://m.stock.naver.com/domestic/stock/419120/total"" target=""_blank"">Naver Mobile</a>"
011200,HMM,88.57499999999999,100.0,90.1,85.3,78.9,"<a href=""https://m.stock.naver.com/domestic/stock/011200/total"" target=""_blank"">Naver Mobile</a>"
018290,브이티,88.57499999999999,92.6,94.2,98.1,69.4,"<a href=""https://m.stock.naver.com/domestic/stock/018290/total"" target=""_blank"">Naver Mobile</a>"
042000,카페24,88.5,94.5,80.5,95.4,83.6,"<a href=""https://m.stock.naver.com/domestic/stock/042000/total"" target=""_blank"">Naver Mobile</a>"
263860,지니언스,88.5,97.9,84.7,88.4,83.0,"<a href=""https://m.stock.naver.com/domestic/stock/263860/total"" target=""_blank"">Naver Mobile</a>"
251970,펌텍코리아,88.425,98.9,75.4,98.1,81.3,"<a href=""https://m.stock.naver.com/domestic/stock/251970/total"" target=""_blank"">Naver Mobile</a>"
014940,오리엔탈정공,88.325,97.5,80.5,85.8,89.5,"<a href=""https://m.stock.naver.com/domestic/stock/014940/total"" target=""_blank"">Naver Mobile</a>"
004800,효성,88.3,100.0,91.8,73.1,,"<a href=""https://m.stock.naver.com/domestic/stock/004800/total"" target=""_blank"">Naver Mobile</a>"
196170,알테오젠,88.275,100.0,98.6,67.6,86.9,"<a href=""https://m.stock.naver.com/domestic/stock/196170/total"" target=""_blank"">Naver Mobile</a>"
109070,주성코퍼레이션,88.19999999999999,100.0,66.0,95.2,91.6,"<a href=""https://m.stock.naver.com/domestic/stock/109070/total"" target=""_blank"">Naver Mobile</a>"
278470,에이피알,88.07499999999999,100.0,88.7,96.1,67.5,"<a href=""https://m.stock.naver.com/domestic/stock/278470/total"" target=""_blank"">Naver Mobile</a>"
003230,삼양식품,87.92500000000001,100.0,79.9,87.9,83.9,"<a href=""https://m.stock.naver.com/domestic/stock/003230/total"" target=""_blank"">Naver Mobile</a>"
339950,아이비김영,87.85,95.5,88.6,76.2,91.1,"<a href=""https://m.stock.naver.com/domestic/stock/339950/total"" target=""_blank"">Naver Mobile</a>"
069410,엔텔스,87.77499999999999,100.0,69.7,93.2,88.2,"<a href=""https://m.stock.naver.com/domestic/stock/069410/total"" target=""_blank"">Naver Mobile</a>"
052420,오성첨단소재,87.75,100.0,76.9,98.8,75.3,"<a href=""https://m.stock.naver.com/domestic/stock/052420/total"" target=""_blank"">Naver Mobile</a>"
045340,토탈소프트,87.64999999999999,100.0,99.3,87.1,64.2,"<a href=""https://m.stock.naver.com/domestic/stock/045340/total"" target=""_blank"">Naver Mobile</a>"
114810,한솔아이원스,87.55000000000001,100.0,78.8,97.5,73.9,"<a href=""https://m.stock.naver.com/domestic/stock/114810/total"" target=""_blank"">Naver Mobile</a>"
052600,한네트,87.525,93.7,78.7,98.1,79.6,"<a href=""https://m.stock.naver.com/domestic/stock/052600/total"" target=""_blank"">Naver Mobile</a>"
119850,지엔씨에너지,87.42500000000001,100.0,80.9,94.2,74.6,"<a href=""https://m.stock.naver.com/domestic/stock/119850/total"" target=""_blank"">Naver Mobile</a>"
206650,유바이오로직스,87.25,100.0,100.0,95.4,53.6,"<a href=""https://m.stock.naver.com/domestic/stock/206650/total"" target=""_blank"">Naver Mobile</a>"
303360,프로티아,87.2,100.0,83.5,98.6,66.7,"<a href=""https://m.stock.naver.com/domestic/stock/303360/total"" target=""_blank"">Naver Mobile</a>"
071280,로체시스템즈,87.14999999999999,100.0,78.2,85.2,85.2,"<a href=""https://m.stock.naver.com/domestic/stock/071280/total"" target=""_blank"">Naver Mobile</a>"
058970,엠로,87.125,100.0,69.6,95.1,83.8,"<a href=""https://m.stock.naver.com/domestic/stock/058970/total"" target=""_blank"">Naver Mobile</a>"
204620,글로벌텍스프리,87.075,100.0,82.7,90.4,75.2,"<a href=""https://m.stock.naver.com/domestic/stock/204620/total"" target=""_blank"">Naver Mobile</a>"
095340,ISC,87.0,98.7,87.2,93.7,68.4,"<a href=""https://m.stock.naver.com/domestic/stock/095340/total"" target=""_blank"">Naver Mobile</a>"
194480,데브시스터즈,86.875,100.0,78.5,82.5,86.5,"<a href=""https://m.stock.naver.com/domestic/stock/194480/total"" target=""_blank"">Naver Mobile</a>"
216050,인크로스,86.77499999999999,97.9,88.9,88.6,71.7,"<a href=""https://m.stock.naver.com/domestic/stock/216050/total"" target=""_blank"">Naver Mobile</a>"
064350,현대로템,86.6,100.0,81.2,85.2,80.0,"<a href=""https://m.stock.naver.com/domestic/stock/064350/total"" target=""_blank"">Naver Mobile</a>"
034950,한국기업평가,86.49999999999999,91.1,94.1,88.6,72.2,"<a href=""https://m.stock.naver.com/domestic/stock/034950/total"" target=""_blank"">Naver Mobile</a>"
101490,에스앤에스텍,86.44999999999999,100.0,76.5,95.7,73.6,"<a href=""https://m.stock.naver.com/domestic/stock/101490/total"" target=""_blank"">Naver Mobile</a>"
082920,비츠로셀,86.4,100.0,88.8,98.8,58.0,"<a href=""https://m.stock.naver.com/domestic/stock/082920/total"" target=""_blank"">Naver Mobile</a>"
006910,보성파워텍,86.32499999999999,100.0,82.0,90.4,72.9,"<a href=""https://m.stock.naver.com/domestic/stock/006910/total"" target=""_blank"">Naver Mobile</a>"
333050,모코엠시스,86.1,97.4,75.3,98.8,72.9,"<a href=""https://m.stock.naver.com/domestic/stock/333050/total"" target=""_blank"">Naver Mobile</a>"
319400,현대무벡스,86.025,100.0,67.1,83.9,93.1,"<a href=""https://m.stock.naver.com/domestic/stock/319400/total"" target=""_blank"">Naver Mobile</a>"
336570,원텍,86.0,100.0,98.0,96.5,49.5,"<a href=""https://m.stock.naver.com/domestic/stock/336570/total"" target=""_blank"">Naver Mobile</a>"
281820,케이씨텍,85.97500000000001,99.8,77.5,98.8,67.8,"<a href=""https://m.stock.naver.com/domestic/stock/281820/total"" target=""_blank"">Naver Mobile</a>"
000660,SK하이닉스,85.5,100.0,97.5,92.6,51.9,"<a href=""https://m.stock.naver.com/domestic/stock/000660/total"" target=""_blank"">Naver Mobile</a>"
259960,크래프톤,85.425,93.1,94.2,95.1,59.3,"<a href=""https://m.stock.naver.com/domestic/stock/259960/total"" target=""_blank"">Naver Mobile</a>"
059100,아이컴포넌트,85.32500000000002,100.0,79.8,93.9,67.6,"<a href=""https://m.stock.naver.com/domestic/stock/059100/total"" target=""_blank"">Naver Mobile</a>"
257720,실리콘투,85.17500000000001,100.0,79.0,97.6,64.1,"<a href=""https://m.stock.naver.com/domestic/stock/257720/total"" target=""_blank"">Naver Mobile</a>"
071970,HD현대마린엔진,85.17500000000001,98.1,90.5,90.0,62.1,"<a href=""https://m.stock.naver.com/domestic/stock/071970/total"" target=""_blank"">Naver Mobile</a>"
033500,동성화인텍,85.05,100.0,75.4,87.1,77.7,"<a href=""https://m.stock.naver.com/domestic/stock/033500/total"" target=""_blank"">Naver Mobile</a>"
141000,비아트론,84.975,100.0,83.3,82.6,74.0,"<a href=""https://m.stock.naver.com/domestic/stock/141000/total"" target=""_blank"">Naver Mobile</a>"
100840,SNT에너지,84.925,100.0,75.8,83.2,80.7,"<a href=""https://m.stock.naver.com/domestic/stock/100840/total"" target=""_blank"">Naver Mobile</a>"
042700,한미반도체,84.85,100.0,92.1,98.6,48.7,"<a href=""https://m.stock.naver.com/domestic/stock/042700/total"" target=""_blank"">Naver Mobile</a>"
296640,이노룰스,84.625,100.0,70.4,95.3,72.8,"<a href=""https://m.stock.naver.com/domestic/stock/296640/total"" target=""_blank"">Naver Mobile</a>"
031980,피에스케이홀딩스,84.55000000000001,100.0,96.8,93.8,47.6,"<a href=""https://m.stock.naver.com/domestic/stock/031980/total"" target=""_blank"">Naver Mobile</a>"
145020,휴젤,84.52499999999999,97.5,94.9,98.8,46.9,"<a href=""https://m.stock.naver.com/domestic/stock/145020/total"" target=""_blank"">Naver Mobile</a>"
214450,파마리서치,84.25,100.0,94.5,94.2,48.3,"<a href=""https://m.stock.naver.com/domestic/stock/214450/total"" target=""_blank"">Naver Mobile</a>"
347740,피엔케이피부임상연구센타,84.25,100.0,87.8,89.1,60.1,"<a href=""https://m.stock.naver.com/domestic/stock/347740/total"" target=""_blank"">Naver Mobile</a>"
095610,테스,84.22500000000001,100.0,77.8,82.4,76.7,"<a href=""https://m.stock.naver.com/domestic/stock/095610/total"" target=""_blank"">Naver Mobile</a>"
214150,클래시스,84.125,94.4,96.4,98.8,46.9,"<a href=""https://m.stock.naver.com/domestic/stock/214150/total"" target=""_blank"">Naver Mobile</a>"
253590,네오셈,83.975,97.4,80.4,85.0,73.1,"<a href=""https://m.stock.naver.com/domestic/stock/253590/total"" target=""_blank"">Naver Mobile</a>"
087260,모바일어플라이언스,83.94999999999999,98.4,74.3,86.1,77.0,"<a href=""https://m.stock.naver.com/domestic/stock/087260/total"" target=""_blank"">Naver Mobile</a>"
234080,JW생명과학,83.92500000000001,95.4,86.1,83.8,70.4,"<a href=""https://m.stock.naver.com/domestic/stock/234080/total"" target=""_blank"">Naver Mobile</a>"
109080,옵티시스,83.675,100.0,85.1,94.2,55.4,"<a href=""https://m.stock.naver.com/domestic/stock/109080/total"" target=""_blank"">Naver Mobile</a>"
153460,네이블,83.6,100.0,79.4,73.8,81.2,"<a href=""https://m.stock.naver.com/domestic/stock/153460/total"" target=""_blank"">Naver Mobile</a>"
211050,인카금융서비스,83.57499999999999,100.0,79.1,69.3,85.9,"<a href=""https://m.stock.naver.com/domestic/stock/211050/total"" target=""_blank"">Naver Mobile</a>"
332370,아이디피,83.45,100.0,90.3,94.5,49.0,"<a href=""https://m.stock.naver.com/domestic/stock/332370/total"" target=""_blank"">Naver Mobile</a>"
005690,파미셀,83.35000000000001,100.0,89.8,90.9,52.7,"<a href=""https://m.stock.naver.com/domestic/stock/005690/total"" target=""_blank"">Naver Mobile</a>"
318160,셀바이오휴먼텍,82.92500000000001,100.0,72.2,88.4,71.1,"<a href=""https://m.stock.naver.com/domestic/stock/318160/total"" target=""_blank"">Naver Mobile</a>"
093520,매커스,82.875,100.0,80.1,68.5,82.9,"<a href=""https://m.stock.naver.com/domestic/stock/093520/total"" target=""_blank"">Naver Mobile</a>"
064760,티씨케이,82.875,94.0,89.2,98.8,49.5,"<a href=""https://m.stock.naver.com/domestic/stock/064760/total"" target=""_blank"">Naver Mobile</a>"
419530,SAMG엔터,82.875,100.0,91.1,72.1,68.3,"<a href=""https://m.stock.naver.com/domestic/stock/419530/total"" target=""_blank"">Naver Mobile</a>"
335890,비올,82.72500000000001,94.9,99.6,88.1,48.3,"<a href=""https://m.stock.naver.com/domestic/stock/335890/total"" target=""_blank"">Naver Mobile</a>"
036930,주성엔지니어링,82.175,94.3,75.4,85.5,73.5,"<a href=""https://m.stock.naver.com/domestic/stock/036930/total"" target=""_blank"">Naver Mobile</a>"
179290,엠아이텍,82.15,95.9,93.9,91.0,47.8,"<a href=""https://m.stock.naver.com/domestic/stock/179290/total"" target=""_blank"">Naver Mobile</a>"
004590,한국가구,81.075,100.0,75.6,98.2,50.5,"<a href=""https://m.stock.naver.com/domestic/stock/004590/total"" target=""_blank"">Naver Mobile</a>"
092460,한라IMS,81.025,100.0,70.2,98.8,55.1,"<a href=""https://m.stock.naver.com/domestic/stock/092460/total"" target=""_blank"">Naver Mobile</a>"
178780,일월지엠엘,80.95,100.0,78.8,69.6,75.4,"<a href=""https://m.stock.naver.com/domestic/stock/178780/total"" target=""_blank"">Naver Mobile</a>"
140860,파크시스템스,80.75,100.0,79.9,94.6,48.5,"<a href=""https://m.stock.naver.com/domestic/stock/140860/total"" target=""_blank"">Naver Mobile</a>"
277070,린드먼아시아,80.65,96.7,87.2,69.9,68.8,"<a href=""https://m.stock.naver.com/domestic/stock/277070/total"" target=""_blank"">Naver Mobile</a>"
326030,SK바이오팜,80.42500000000001,100.0,94.2,82.4,45.1,"<a href=""https://m.stock.naver.com/domestic/stock/326030/total"" target=""_blank"">Naver Mobile</a>"
207940,삼성바이오로직스,79.3,96.5,85.8,88.6,46.3,"<a href=""https://m.stock.naver.com/domestic/stock/207940/total"" target=""_blank"">Naver Mobile</a>"
215090,솔디펜스,79.025,100.0,82.4,88.2,45.5,"<a href=""https://m.stock.naver.com/domestic/stock/215090/total"" target=""_blank"">Naver Mobile</a>"
413630,씨피시스템,78.85000000000001,100.0,72.4,96.4,46.6,"<a href=""https://m.stock.naver.com/domestic/stock/413630/total"" target=""_blank"">Naver Mobile</a>"
007370,진양제약,78.825,96.8,76.0,91.0,51.5,"<a href=""https://m.stock.naver.com/domestic/stock/007370/total"" target=""_blank"">Naver Mobile</a>"
272110,케이엔제이,78.72500000000001,100.0,84.8,81.4,48.7,"<a href=""https://m.stock.naver.com/domestic/stock/272110/total"" target=""_blank"">Naver Mobile</a>"
017510,세명전기,78.3,100.0,94.0,78.7,40.5,"<a href=""https://m.stock.naver.com/domestic/stock/017510/total"" target=""_blank"">Naver Mobile</a>"
171090,선익시스템,77.85,100.0,86.1,48.8,76.5,"<a href=""https://m.stock.naver.com/domestic/stock/171090/total"" target=""_blank"">Naver Mobile</a>"
136410,아셈스,77.175,99.0,77.9,85.1,46.7,"<a href=""https://m.stock.naver.com/domestic/stock/136410/total"" target=""_blank"">Naver Mobile</a>"
025560,미래산업,75.975,99.5,90.1,68.9,45.4,"<a href=""https://m.stock.naver.com/domestic/stock/025560/total"" target=""_blank"">Naver Mobile</a>"
347700,스피어,73.7,100.0,87.3,59.3,48.2,"<a href=""https://m.stock.naver.com/domestic/stock/347700/total"" target=""_blank"">Naver Mobile</a>"
