Symbol,Name,TotalScore,Growth,Profitability,Stability,Momentum,Error,Links
408920,메쎄이상,91.22430555555555,100.0,85.44444444444446,98.27499999999998,81.17777777777776,,"<a href=""https://m.stock.naver.com/domestic/stock/408920/total"" target=""_blank"">Naver Mobile</a>"
035250,강원랜드,85.02291666666667,79.05000000000001,83.56666666666668,89.97500000000001,87.5,,"<a href=""https://m.stock.naver.com/domestic/stock/035250/total"" target=""_blank"">Naver Mobile</a>"
049720,고려신용정보,84.3125,74.05833333333332,76.11666666666666,89.74166666666667,97.33333333333333,,"<a href=""https://m.stock.naver.com/domestic/stock/049720/total"" target=""_blank"">Naver Mobile</a>"
052600,한네트,83.99583333333332,84.25,73.50833333333334,97.825,80.39999999999999,,"<a href=""https://m.stock.naver.com/domestic/stock/052600/total"" target=""_blank"">Naver Mobile</a>"
134380,미원화학,83.575,79.92500000000001,73.22500000000001,98.39166666666665,82.75833333333333,,"<a href=""https://m.stock.naver.com/domestic/stock/134380/total"" target=""_blank"">Naver Mobile</a>"
419120,산돌,83.41069444444445,85.84,82.16666666666667,88.82499999999999,76.81111111111112,,"<a href=""https://m.stock.naver.com/domestic/stock/419120/total"" target=""_blank"">Naver Mobile</a>"
012750,에스원,83.04583333333333,73.25,67.34166666666665,97.90000000000002,93.69166666666666,,"<a href=""https://m.stock.naver.com/domestic/stock/012750/total"" target=""_blank"">Naver Mobile</a>"
092730,네오팜,82.9125,77.15833333333332,83.275,98.79999999999997,72.41666666666667,,"<a href=""https://m.stock.naver.com/domestic/stock/092730/total"" target=""_blank"">Naver Mobile</a>"
039420,케이엘넷,82.86041666666667,69.35000000000001,81.86666666666667,96.52499999999999,83.7,,"<a href=""https://m.stock.naver.com/domestic/stock/039420/total"" target=""_blank"">Naver Mobile</a>"
067280,멀티캠퍼스,82.01875,63.99999999999999,76.10833333333332,98.13333333333333,89.83333333333333,,"<a href=""https://m.stock.naver.com/domestic/stock/067280/total"" target=""_blank"">Naver Mobile</a>"
009680,모토닉,81.92499999999998,82.93333333333332,66.37499999999999,98.79999999999997,79.59166666666667,,"<a href=""https://m.stock.naver.com/domestic/stock/009680/total"" target=""_blank"">Naver Mobile</a>"
053980,오상자이엘,81.53333333333333,81.03333333333335,70.35833333333333,96.45833333333333,78.28333333333332,,"<a href=""https://m.stock.naver.com/domestic/stock/053980/total"" target=""_blank"">Naver Mobile</a>"
067730,로지시스,80.80833333333332,81.25833333333334,57.208333333333336,94.74999999999999,90.01666666666667,,"<a href=""https://m.stock.naver.com/domestic/stock/067730/total"" target=""_blank"">Naver Mobile</a>"
092130,이크레더블,80.52083333333333,65.46666666666667,98.50833333333333,77.23333333333333,80.875,,"<a href=""https://m.stock.naver.com/domestic/stock/092130/total"" target=""_blank"">Naver Mobile</a>"
147830,제룡산업,80.49374999999999,74.61666666666666,81.25833333333331,94.15000000000002,71.94999999999999,,"<a href=""https://m.stock.naver.com/domestic/stock/147830/total"" target=""_blank"">Naver Mobile</a>"
034950,한국기업평가,80.24583333333332,69.71666666666665,91.88333333333333,84.0,75.38333333333334,,"<a href=""https://m.stock.naver.com/domestic/stock/034950/total"" target=""_blank"">Naver Mobile</a>"
069260,TKG휴켐스,79.99583333333332,69.90833333333332,66.97499999999998,96.27499999999999,86.825,,"<a href=""https://m.stock.naver.com/domestic/stock/069260/total"" target=""_blank"">Naver Mobile</a>"
285490,노바텍,79.84166666666667,57.166666666666664,88.64166666666667,91.25,82.30833333333332,,"<a href=""https://m.stock.naver.com/domestic/stock/285490/total"" target=""_blank"">Naver Mobile</a>"
026960,동서,79.16041666666665,63.599999999999994,81.34166666666667,98.79999999999997,72.89999999999999,,"<a href=""https://m.stock.naver.com/domestic/stock/026960/total"" target=""_blank"">Naver Mobile</a>"
208140,정다운,79.01041666666666,68.34166666666667,73.05,87.69166666666665,86.95833333333333,,"<a href=""https://m.stock.naver.com/domestic/stock/208140/total"" target=""_blank"">Naver Mobile</a>"
130660,한전산업,78.88125000000001,70.7,63.29166666666666,90.425,91.10833333333333,,"<a href=""https://m.stock.naver.com/domestic/stock/130660/total"" target=""_blank"">Naver Mobile</a>"
042500,링네트,78.84583333333333,70.49166666666667,66.50833333333334,96.86666666666667,81.51666666666667,,"<a href=""https://m.stock.naver.com/domestic/stock/042500/total"" target=""_blank"">Naver Mobile</a>"
014440,영보화학,78.79374999999999,82.64999999999999,70.00833333333333,97.51666666666665,64.99999999999999,,"<a href=""https://m.stock.naver.com/domestic/stock/014440/total"" target=""_blank"">Naver Mobile</a>"
376290,씨유테크,78.60555555555555,76.65555555555555,52.55833333333334,95.63333333333331,89.57499999999999,,"<a href=""https://m.stock.naver.com/domestic/stock/376290/total"" target=""_blank"">Naver Mobile</a>"
021240,코웨이,78.42291666666665,72.59999999999998,74.63333333333333,86.30833333333334,80.15,,"<a href=""https://m.stock.naver.com/domestic/stock/021240/total"" target=""_blank"">Naver Mobile</a>"
057030,YBM넷,78.19166666666666,61.291666666666664,69.73333333333333,91.69166666666666,90.05,,"<a href=""https://m.stock.naver.com/domestic/stock/057030/total"" target=""_blank"">Naver Mobile</a>"
136540,윈스테크넷,78.05416666666666,59.94166666666666,83.69166666666666,95.76666666666664,72.81666666666666,,"<a href=""https://m.stock.naver.com/domestic/stock/136540/total"" target=""_blank"">Naver Mobile</a>"
340440,세림B&G,77.96944444444445,66.07777777777778,61.10833333333334,93.46666666666665,91.22500000000001,,"<a href=""https://m.stock.naver.com/domestic/stock/340440/total"" target=""_blank"">Naver Mobile</a>"
381970,케이카,77.96458333333334,77.93333333333334,58.17500000000001,83.64166666666667,92.10833333333335,,"<a href=""https://m.stock.naver.com/domestic/stock/381970/total"" target=""_blank"">Naver Mobile</a>"
296640,이노룰스,77.95166666666665,90.58333333333333,59.27,91.03333333333335,70.91999999999999,,"<a href=""https://m.stock.naver.com/domestic/stock/296640/total"" target=""_blank"">Naver Mobile</a>"
051600,한전KPS,77.86041666666665,74.21666666666665,72.875,98.40833333333332,65.94166666666665,,"<a href=""https://m.stock.naver.com/domestic/stock/051600/total"" target=""_blank"">Naver Mobile</a>"
131090,시큐브,77.8125,57.09166666666667,90.78333333333335,79.53333333333335,83.84166666666667,,"<a href=""https://m.stock.naver.com/domestic/stock/131090/total"" target=""_blank"">Naver Mobile</a>"
318410,비비씨,77.675,84.99166666666666,67.10833333333333,89.11666666666666,69.48333333333333,,"<a href=""https://m.stock.naver.com/domestic/stock/318410/total"" target=""_blank"">Naver Mobile</a>"
033920,무학,77.6625,67.89999999999999,74.10000000000001,91.69166666666666,76.95833333333334,,"<a href=""https://m.stock.naver.com/domestic/stock/033920/total"" target=""_blank"">Naver Mobile</a>"
337930,젝시믹스,77.52291666666667,84.26666666666667,67.09166666666667,97.325,61.40833333333333,,"<a href=""https://m.stock.naver.com/domestic/stock/337930/total"" target=""_blank"">Naver Mobile</a>"
039570,HDC랩스,77.52291666666666,75.84166666666665,51.28333333333333,97.05833333333332,85.90833333333335,,"<a href=""https://m.stock.naver.com/domestic/stock/039570/total"" target=""_blank"">Naver Mobile</a>"
405100,큐알티,77.43333333333332,87.8,58.46666666666666,87.7,75.76666666666667,,"<a href=""https://m.stock.naver.com/domestic/stock/405100/total"" target=""_blank"">Naver Mobile</a>"
048430,유라테크,77.32291666666667,73.51666666666668,58.37500000000001,92.73333333333333,84.66666666666669,,"<a href=""https://m.stock.naver.com/domestic/stock/048430/total"" target=""_blank"">Naver Mobile</a>"
039130,하나투어,77.17708333333334,89.81666666666666,74.90833333333335,62.45833333333332,81.52500000000002,,"<a href=""https://m.stock.naver.com/domestic/stock/039130/total"" target=""_blank"">Naver Mobile</a>"
479960,위너스,77.14375,50.0,76.5,97.775,84.3,,"<a href=""https://m.stock.naver.com/domestic/stock/479960/total"" target=""_blank"">Naver Mobile</a>"
309960,LB인베스트먼트,76.8861111111111,80.6,80.25,80.3111111111111,66.38333333333334,,"<a href=""https://m.stock.naver.com/domestic/stock/309960/total"" target=""_blank"">Naver Mobile</a>"
038390,레드캡투어,76.67916666666667,86.93333333333334,67.50000000000001,65.06666666666668,87.21666666666668,,"<a href=""https://m.stock.naver.com/domestic/stock/038390/total"" target=""_blank"">Naver Mobile</a>"
018120,진로발효,76.57083333333333,73.2,65.89166666666667,96.71666666666665,70.475,,"<a href=""https://m.stock.naver.com/domestic/stock/018120/total"" target=""_blank"">Naver Mobile</a>"
126640,화신정공,76.56458333333333,74.40833333333333,51.65,87.80833333333332,92.39166666666667,,"<a href=""https://m.stock.naver.com/domestic/stock/126640/total"" target=""_blank"">Naver Mobile</a>"
036560,KZ정밀,76.55833333333334,77.69166666666666,75.56666666666668,97.88333333333334,55.09166666666667,,"<a href=""https://m.stock.naver.com/domestic/stock/036560/total"" target=""_blank"">Naver Mobile</a>"
040420,정상제이엘에스,76.53958333333333,52.48333333333333,75.10833333333332,89.07499999999999,89.49166666666666,,"<a href=""https://m.stock.naver.com/domestic/stock/040420/total"" target=""_blank"">Naver Mobile</a>"
215000,골프존,76.51666666666667,60.824999999999996,76.225,94.85000000000001,74.16666666666667,,"<a href=""https://m.stock.naver.com/domestic/stock/215000/total"" target=""_blank"">Naver Mobile</a>"
068930,디지털대성,76.30208333333334,65.69166666666666,72.98333333333333,74.99999999999999,91.53333333333335,,"<a href=""https://m.stock.naver.com/domestic/stock/068930/total"" target=""_blank"">Naver Mobile</a>"
471820,셀로맥스사이언스,76.275,50.0,84.4,97.7,73.0,,"<a href=""https://m.stock.naver.com/domestic/stock/471820/total"" target=""_blank"">Naver Mobile</a>"
300720,한일시멘트,76.25,79.19999999999999,65.73333333333333,89.45,70.61666666666667,,"<a href=""https://m.stock.naver.com/domestic/stock/300720/total"" target=""_blank"">Naver Mobile</a>"
090850,현대이지웰,76.24374999999999,78.05,73.05833333333332,83.58333333333333,70.28333333333332,,"<a href=""https://m.stock.naver.com/domestic/stock/090850/total"" target=""_blank"">Naver Mobile</a>"
091700,파트론,76.21458333333332,63.69166666666666,56.400000000000006,97.36666666666666,87.39999999999998,,"<a href=""https://m.stock.naver.com/domestic/stock/091700/total"" target=""_blank"">Naver Mobile</a>"
352090,스톰테크,75.82249999999999,50.0,80.20000000000002,97.55,75.53999999999999,,"<a href=""https://m.stock.naver.com/domestic/stock/352090/total"" target=""_blank"">Naver Mobile</a>"
078520,에이블씨엔씨,75.725,80.03333333333332,60.63333333333333,87.04166666666667,75.19166666666668,,"<a href=""https://m.stock.naver.com/domestic/stock/078520/total"" target=""_blank"">Naver Mobile</a>"
143240,사람인,75.65,51.73333333333333,77.80833333333335,94.63333333333334,78.425,,"<a href=""https://m.stock.naver.com/domestic/stock/143240/total"" target=""_blank"">Naver Mobile</a>"
017800,현대엘리베이터,75.59583333333333,83.17499999999998,64.49166666666667,70.80833333333332,83.90833333333335,,"<a href=""https://m.stock.naver.com/domestic/stock/017800/total"" target=""_blank"">Naver Mobile</a>"
075130,플랜티넷,75.57083333333333,77.02499999999999,57.975,91.33333333333333,75.95,,"<a href=""https://m.stock.naver.com/domestic/stock/075130/total"" target=""_blank"">Naver Mobile</a>"
230360,에코마케팅,75.52916666666668,66.06666666666668,74.275,96.73333333333333,65.04166666666667,,"<a href=""https://m.stock.naver.com/domestic/stock/230360/total"" target=""_blank"">Naver Mobile</a>"
267850,아시아나IDT,75.48125,70.80833333333334,60.39166666666667,92.56666666666666,78.15833333333333,,"<a href=""https://m.stock.naver.com/domestic/stock/267850/total"" target=""_blank"">Naver Mobile</a>"
065710,서호전기,75.39583333333333,64.49166666666666,82.75000000000001,86.21666666666665,68.125,,"<a href=""https://m.stock.naver.com/domestic/stock/065710/total"" target=""_blank"">Naver Mobile</a>"
028100,동아지질,75.31041666666667,84.65,51.37500000000001,81.95833333333333,83.25833333333334,,"<a href=""https://m.stock.naver.com/domestic/stock/028100/total"" target=""_blank"">Naver Mobile</a>"
024090,디씨엠,75.14999999999999,65.95833333333333,60.533333333333324,97.38333333333333,76.72500000000001,,"<a href=""https://m.stock.naver.com/domestic/stock/024090/total"" target=""_blank"">Naver Mobile</a>"
108320,LX세미콘,74.83125,62.20833333333334,65.85,95.29166666666664,75.97500000000001,,"<a href=""https://m.stock.naver.com/domestic/stock/108320/total"" target=""_blank"">Naver Mobile</a>"
415380,스튜디오삼익,74.613125,50.0,57.019999999999996,96.21249999999999,95.22,,"<a href=""https://m.stock.naver.com/domestic/stock/415380/total"" target=""_blank"">Naver Mobile</a>"
036640,HRS,74.51666666666667,64.65,79.65833333333332,97.74999999999999,56.008333333333326,,"<a href=""https://m.stock.naver.com/domestic/stock/036640/total"" target=""_blank"">Naver Mobile</a>"
010960,삼호개발,74.46458333333334,69.83333333333333,49.40833333333333,92.01666666666667,86.60000000000001,,"<a href=""https://m.stock.naver.com/domestic/stock/010960/total"" target=""_blank"">Naver Mobile</a>"
030000,제일기획,74.33125,64.21666666666667,65.15,88.21666666666665,79.74166666666667,,"<a href=""https://m.stock.naver.com/domestic/stock/030000/total"" target=""_blank"">Naver Mobile</a>"
008370,원풍,74.30833333333332,65.33333333333334,67.16666666666667,92.04166666666664,72.69166666666666,,"<a href=""https://m.stock.naver.com/domestic/stock/008370/total"" target=""_blank"">Naver Mobile</a>"
039240,경남스틸,74.14166666666667,67.0,53.074999999999996,92.22500000000001,84.26666666666667,,"<a href=""https://m.stock.naver.com/domestic/stock/039240/total"" target=""_blank"">Naver Mobile</a>"
058850,KTcs,74.01458333333333,64.05833333333332,52.675000000000004,86.00000000000001,93.325,,"<a href=""https://m.stock.naver.com/domestic/stock/058850/total"" target=""_blank"">Naver Mobile</a>"
078000,텔코웨어,73.92083333333335,79.04166666666667,64.68333333333334,75.175,76.78333333333333,,"<a href=""https://m.stock.naver.com/domestic/stock/078000/total"" target=""_blank"">Naver Mobile</a>"
286940,롯데이노베이트,73.88125,70.325,53.9,83.29166666666667,88.00833333333334,,"<a href=""https://m.stock.naver.com/domestic/stock/286940/total"" target=""_blank"">Naver Mobile</a>"
072870,메가스터디,73.7,66.50833333333333,72.11666666666667,75.85000000000001,80.325,,"<a href=""https://m.stock.naver.com/domestic/stock/072870/total"" target=""_blank"">Naver Mobile</a>"
017390,서울가스,73.62083333333334,74.69166666666668,44.541666666666664,84.8,90.44999999999999,,"<a href=""https://m.stock.naver.com/domestic/stock/017390/total"" target=""_blank"">Naver Mobile</a>"
010640,진양폴리,73.15833333333332,61.18333333333334,60.20833333333332,88.34999999999998,82.89166666666667,,"<a href=""https://m.stock.naver.com/domestic/stock/010640/total"" target=""_blank"">Naver Mobile</a>"
058430,포스코스틸리온,73.13958333333333,66.63333333333334,52.74166666666667,87.16666666666667,86.01666666666667,,"<a href=""https://m.stock.naver.com/domestic/stock/058430/total"" target=""_blank"">Naver Mobile</a>"
046440,KG모빌리언스,72.89791666666667,60.11666666666667,62.25,88.80000000000001,80.425,,"<a href=""https://m.stock.naver.com/domestic/stock/046440/total"" target=""_blank"">Naver Mobile</a>"
078930,GS,72.8875,59.300000000000004,63.48333333333334,83.04166666666667,85.72499999999998,,"<a href=""https://m.stock.naver.com/domestic/stock/078930/total"" target=""_blank"">Naver Mobile</a>"
104700,한국철강,72.80416666666667,55.025,59.04999999999999,97.30833333333332,79.83333333333334,,"<a href=""https://m.stock.naver.com/domestic/stock/104700/total"" target=""_blank"">Naver Mobile</a>"
128660,피제이메탈,72.59791666666666,67.85000000000001,54.28333333333333,81.64166666666665,86.61666666666667,,"<a href=""https://m.stock.naver.com/domestic/stock/128660/total"" target=""_blank"">Naver Mobile</a>"
017670,SK텔레콤,72.47708333333334,67.88333333333333,69.7,74.15833333333335,78.16666666666667,,"<a href=""https://m.stock.naver.com/domestic/stock/017670/total"" target=""_blank"">Naver Mobile</a>"
256150,한독크린텍,72.29374999999999,60.724999999999994,59.85833333333333,98.79999999999997,69.79166666666667,,"<a href=""https://m.stock.naver.com/domestic/stock/256150/total"" target=""_blank"">Naver Mobile</a>"
009180,한솔로지스틱스,72.01041666666667,54.30833333333334,57.708333333333336,83.14166666666667,92.88333333333334,,"<a href=""https://m.stock.naver.com/domestic/stock/009180/total"" target=""_blank"">Naver Mobile</a>"
094820,일진파워,71.91666666666666,57.46666666666667,58.86666666666667,93.35833333333333,77.97499999999998,,"<a href=""https://m.stock.naver.com/domestic/stock/094820/total"" target=""_blank"">Naver Mobile</a>"
094280,효성ITX,71.88749999999999,52.974999999999994,62.28333333333333,81.59166666666667,90.69999999999999,,"<a href=""https://m.stock.naver.com/domestic/stock/094280/total"" target=""_blank"">Naver Mobile</a>"
035600,KG이니시스,71.80833333333334,68.79166666666667,58.21666666666666,76.45833333333334,83.76666666666667,,"<a href=""https://m.stock.naver.com/domestic/stock/035600/total"" target=""_blank"">Naver Mobile</a>"
015360,INVENI,71.78333333333333,75.34166666666667,51.74166666666667,70.125,89.925,,"<a href=""https://m.stock.naver.com/domestic/stock/015360/total"" target=""_blank"">Naver Mobile</a>"
018670,SK가스,71.5,71.66666666666667,57.21666666666667,72.89166666666667,84.22500000000001,,"<a href=""https://m.stock.naver.com/domestic/stock/018670/total"" target=""_blank"">Naver Mobile</a>"
252500,세화피앤씨,71.26458333333333,69.54166666666667,58.416666666666664,92.0,65.09999999999998,,"<a href=""https://m.stock.naver.com/domestic/stock/252500/total"" target=""_blank"">Naver Mobile</a>"
060560,HC홈센타,71.25416666666666,69.65833333333333,56.050000000000004,77.25833333333333,82.05,,"<a href=""https://m.stock.naver.com/domestic/stock/060560/total"" target=""_blank"">Naver Mobile</a>"
017480,삼현철강,71.19583333333333,56.133333333333326,53.466666666666676,97.74999999999999,77.43333333333332,,"<a href=""https://m.stock.naver.com/domestic/stock/017480/total"" target=""_blank"">Naver Mobile</a>"
083420,그린케미칼,71.19375,71.13333333333333,49.94166666666666,78.775,84.925,,"<a href=""https://m.stock.naver.com/domestic/stock/083420/total"" target=""_blank"">Naver Mobile</a>"
317400,자이에스앤디,71.14166666666668,65.14166666666667,50.16666666666668,86.41666666666667,82.84166666666667,,"<a href=""https://m.stock.naver.com/domestic/stock/317400/total"" target=""_blank"">Naver Mobile</a>"
014530,극동유화,70.95833333333333,59.708333333333336,49.10833333333333,75.77499999999999,99.24166666666666,,"<a href=""https://m.stock.naver.com/domestic/stock/014530/total"" target=""_blank"">Naver Mobile</a>"
290120,DH오토리드,70.94166666666668,76.06666666666668,56.349999999999994,70.48333333333333,80.86666666666666,,"<a href=""https://m.stock.naver.com/domestic/stock/290120/total"" target=""_blank"">Naver Mobile</a>"
033780,KT&G,70.775,64.45833333333333,76.93333333333334,97.61666666666667,44.09166666666667,,"<a href=""https://m.stock.naver.com/domestic/stock/033780/total"" target=""_blank"">Naver Mobile</a>"
009240,한샘,70.76041666666667,66.33333333333334,52.4,68.05833333333335,96.25,,"<a href=""https://m.stock.naver.com/domestic/stock/009240/total"" target=""_blank"">Naver Mobile</a>"
073560,우리손에프앤지,70.59166666666667,70.06666666666666,57.474999999999994,71.64166666666667,83.18333333333334,,"<a href=""https://m.stock.naver.com/domestic/stock/073560/total"" target=""_blank"">Naver Mobile</a>"
169330,엠브레인,70.48541666666667,53.68333333333334,56.5,87.23333333333333,84.52499999999999,,"<a href=""https://m.stock.naver.com/domestic/stock/169330/total"" target=""_blank"">Naver Mobile</a>"
096240,크레버스,70.475,59.69166666666667,71.25,59.691666666666656,91.26666666666667,,"<a href=""https://m.stock.naver.com/domestic/stock/096240/total"" target=""_blank"">Naver Mobile</a>"
032540,TJ미디어,70.27291666666667,72.00833333333334,59.88333333333333,90.79166666666667,58.40833333333334,,"<a href=""https://m.stock.naver.com/domestic/stock/032540/total"" target=""_blank"">Naver Mobile</a>"
100250,진양홀딩스,70.22500000000001,70.09166666666665,50.816666666666684,81.45,78.54166666666667,,"<a href=""https://m.stock.naver.com/domestic/stock/100250/total"" target=""_blank"">Naver Mobile</a>"
171120,라이온켐텍,69.90833333333333,60.94166666666666,58.31666666666667,84.18333333333332,76.19166666666666,,"<a href=""https://m.stock.naver.com/domestic/stock/171120/total"" target=""_blank"">Naver Mobile</a>"
010770,평화홀딩스,69.78333333333333,85.27499999999999,49.38333333333333,56.375,88.10000000000001,,"<a href=""https://m.stock.naver.com/domestic/stock/010770/total"" target=""_blank"">Naver Mobile</a>"
024120,KB오토시스,69.75208333333333,82.95833333333333,47.525000000000006,72.00000000000001,76.525,,"<a href=""https://m.stock.naver.com/domestic/stock/024120/total"" target=""_blank"">Naver Mobile</a>"
214320,이노션,69.72708333333334,72.7,60.416666666666664,84.0,61.79166666666668,,"<a href=""https://m.stock.naver.com/domestic/stock/214320/total"" target=""_blank"">Naver Mobile</a>"
347890,엠투아이,69.61041666666665,54.90833333333333,80.425,97.1083333333333,46.00000000000001,,"<a href=""https://m.stock.naver.com/domestic/stock/347890/total"" target=""_blank"">Naver Mobile</a>"
225530,HC보광산업,69.26249999999999,65.69166666666666,76.14166666666667,85.59166666666665,49.625,,"<a href=""https://m.stock.naver.com/domestic/stock/225530/total"" target=""_blank"">Naver Mobile</a>"
122990,와이솔,69.24375,65.8,50.64166666666666,84.43333333333334,76.10000000000001,,"<a href=""https://m.stock.naver.com/domestic/stock/122990/total"" target=""_blank"">Naver Mobile</a>"
053260,금강철강,69.21458333333332,53.88333333333333,49.375,88.11666666666667,85.4833333333333,,"<a href=""https://m.stock.naver.com/domestic/stock/053260/total"" target=""_blank"">Naver Mobile</a>"
344820,KCC글라스,69.19375,62.25,52.36666666666667,84.62499999999999,77.53333333333333,,"<a href=""https://m.stock.naver.com/domestic/stock/344820/total"" target=""_blank"">Naver Mobile</a>"
053280,예스24,69.13958333333333,64.05833333333332,45.40833333333333,73.69166666666666,93.40000000000002,,"<a href=""https://m.stock.naver.com/domestic/stock/053280/total"" target=""_blank"">Naver Mobile</a>"
126560,현대퓨처넷,69.08125,82.49166666666666,46.19166666666666,88.55833333333334,59.083333333333336,,"<a href=""https://m.stock.naver.com/domestic/stock/126560/total"" target=""_blank"">Naver Mobile</a>"
032640,LG유플러스,69.05,58.791666666666664,60.88333333333333,76.31666666666666,80.20833333333333,,"<a href=""https://m.stock.naver.com/domestic/stock/032640/total"" target=""_blank"">Naver Mobile</a>"
067570,엔브이에이치코리아,68.94999999999999,78.66666666666667,49.916666666666664,60.899999999999984,86.31666666666666,,"<a href=""https://m.stock.naver.com/domestic/stock/067570/total"" target=""_blank"">Naver Mobile</a>"
122900,아이마켓코리아,68.9125,63.73333333333334,48.65833333333333,71.925,91.33333333333331,,"<a href=""https://m.stock.naver.com/domestic/stock/122900/total"" target=""_blank"">Naver Mobile</a>"
008060,대덕,68.78958333333334,62.95833333333334,49.508333333333326,86.56666666666668,76.12500000000001,,"<a href=""https://m.stock.naver.com/domestic/stock/008060/total"" target=""_blank"">Naver Mobile</a>"
035810,이지홀딩스,68.63125,71.00833333333334,48.583333333333336,70.125,84.80833333333334,,"<a href=""https://m.stock.naver.com/domestic/stock/035810/total"" target=""_blank"">Naver Mobile</a>"
010040,한국내화,68.60208333333334,69.30833333333334,45.275,79.60833333333335,80.21666666666665,,"<a href=""https://m.stock.naver.com/domestic/stock/010040/total"" target=""_blank"">Naver Mobile</a>"
009160,SIMPAC,68.46875,71.16666666666667,52.32499999999999,78.475,71.90833333333333,,"<a href=""https://m.stock.naver.com/domestic/stock/009160/total"" target=""_blank"">Naver Mobile</a>"
134060,이퓨쳐,68.15625,65.54166666666667,73.70833333333333,92.78333333333335,40.59166666666667,,"<a href=""https://m.stock.naver.com/domestic/stock/134060/total"" target=""_blank"">Naver Mobile</a>"
137950,제이씨케미칼,68.1,56.1,56.39166666666667,76.91666666666666,82.99166666666666,,"<a href=""https://m.stock.naver.com/domestic/stock/137950/total"" target=""_blank"">Naver Mobile</a>"
014570,고려제약,67.93958333333335,67.93333333333335,62.45833333333334,94.55,46.81666666666667,,"<a href=""https://m.stock.naver.com/domestic/stock/014570/total"" target=""_blank"">Naver Mobile</a>"
035000,HS애드,67.8125,66.175,57.59166666666666,80.63333333333334,66.85000000000001,,"<a href=""https://m.stock.naver.com/domestic/stock/035000/total"" target=""_blank"">Naver Mobile</a>"
140520,대창스틸,67.69375,65.80833333333332,48.10833333333334,84.38333333333331,72.475,,"<a href=""https://m.stock.naver.com/domestic/stock/140520/total"" target=""_blank"">Naver Mobile</a>"
013870,지엠비코리아,67.6,78.41666666666667,49.55833333333334,72.3,70.125,,"<a href=""https://m.stock.naver.com/domestic/stock/013870/total"" target=""_blank"">Naver Mobile</a>"
127980,화인써키트,67.37402777777777,63.25999999999999,58.55555555555556,75.325,72.35555555555555,,"<a href=""https://m.stock.naver.com/domestic/stock/127980/total"" target=""_blank"">Naver Mobile</a>"
016450,한세예스24홀딩스,67.30833333333334,65.40833333333335,50.98333333333333,74.7,78.14166666666667,,"<a href=""https://m.stock.naver.com/domestic/stock/016450/total"" target=""_blank"">Naver Mobile</a>"
075970,동국알앤에스,67.30416666666666,65.51666666666665,47.225,82.89166666666667,73.58333333333333,,"<a href=""https://m.stock.naver.com/domestic/stock/075970/total"" target=""_blank"">Naver Mobile</a>"
079000,와토스코리아,66.87708333333333,57.75,61.824999999999996,83.40833333333335,64.52499999999999,,"<a href=""https://m.stock.naver.com/domestic/stock/079000/total"" target=""_blank"">Naver Mobile</a>"
026940,부국철강,66.76458333333333,51.00833333333333,47.29166666666668,97.74999999999999,71.00833333333334,,"<a href=""https://m.stock.naver.com/domestic/stock/026940/total"" target=""_blank"">Naver Mobile</a>"
034310,NICE,66.75,69.66666666666667,51.88333333333333,71.98333333333333,73.46666666666667,,"<a href=""https://m.stock.naver.com/domestic/stock/034310/total"" target=""_blank"">Naver Mobile</a>"
344860,이노진,66.73124999999999,50.0,67.73333333333332,96.85833333333333,52.33333333333334,,"<a href=""https://m.stock.naver.com/domestic/stock/344860/total"" target=""_blank"">Naver Mobile</a>"
100120,뷰웍스,66.53958333333334,62.05833333333334,66.04166666666667,88.80833333333332,49.24999999999999,,"<a href=""https://m.stock.naver.com/domestic/stock/100120/total"" target=""_blank"">Naver Mobile</a>"
089860,롯데렌탈,66.39291666666666,66.92999999999999,64.14166666666667,48.991666666666674,85.50833333333333,,"<a href=""https://m.stock.naver.com/domestic/stock/089860/total"" target=""_blank"">Naver Mobile</a>"
083930,아바코,66.37708333333335,84.39166666666667,60.78333333333334,72.22500000000001,48.10833333333333,,"<a href=""https://m.stock.naver.com/domestic/stock/083930/total"" target=""_blank"">Naver Mobile</a>"
293480,하나제약,66.31458333333333,55.40833333333333,67.35833333333333,93.575,48.916666666666664,,"<a href=""https://m.stock.naver.com/domestic/stock/293480/total"" target=""_blank"">Naver Mobile</a>"
030200,KT,66.26458333333333,54.05833333333333,58.11666666666665,72.47500000000001,80.40833333333335,,"<a href=""https://m.stock.naver.com/domestic/stock/030200/total"" target=""_blank"">Naver Mobile</a>"
298540,더네이쳐홀딩스,65.87083333333334,61.349999999999994,65.775,81.6,54.75833333333333,,"<a href=""https://m.stock.naver.com/domestic/stock/298540/total"" target=""_blank"">Naver Mobile</a>"
065530,와이어블,65.79374999999999,66.27499999999999,60.008333333333326,80.93333333333332,55.95833333333332,,"<a href=""https://m.stock.naver.com/domestic/stock/065530/total"" target=""_blank"">Naver Mobile</a>"
189980,흥국에프엔비,65.45625,67.93333333333332,64.08333333333333,74.80833333333332,55.0,,"<a href=""https://m.stock.naver.com/domestic/stock/189980/total"" target=""_blank"">Naver Mobile</a>"
060980,HL홀딩스,65.41458333333333,64.00833333333334,51.875,68.09166666666665,77.68333333333332,,"<a href=""https://m.stock.naver.com/domestic/stock/060980/total"" target=""_blank"">Naver Mobile</a>"
330730,스톤브릿지벤처스,65.35069444444443,60.94444444444444,75.43333333333332,75.02499999999998,50.0,,"<a href=""https://m.stock.naver.com/domestic/stock/330730/total"" target=""_blank"">Naver Mobile</a>"
095570,AJ네트웍스,65.18124999999999,67.58333333333333,53.074999999999996,59.03333333333333,81.03333333333332,,"<a href=""https://m.stock.naver.com/domestic/stock/095570/total"" target=""_blank"">Naver Mobile</a>"
060380,동양에스텍,65.00833333333333,55.541666666666664,50.68333333333334,83.675,70.13333333333334,,"<a href=""https://m.stock.naver.com/domestic/stock/060380/total"" target=""_blank"">Naver Mobile</a>"
044820,코스맥스비티아이,64.82708333333333,72.01666666666667,48.85833333333334,63.0,75.43333333333334,,"<a href=""https://m.stock.naver.com/domestic/stock/044820/total"" target=""_blank"">Naver Mobile</a>"
019440,세아특수강,64.54791666666665,64.00833333333331,48.25833333333333,77.39166666666667,68.53333333333333,,"<a href=""https://m.stock.naver.com/domestic/stock/019440/total"" target=""_blank"">Naver Mobile</a>"
031430,신세계인터내셔날,64.01875000000001,54.61666666666667,56.05833333333334,87.05,58.35,,"<a href=""https://m.stock.naver.com/domestic/stock/031430/total"" target=""_blank"">Naver Mobile</a>"
460860,동국제강,63.873571428571424,50.0,53.314285714285724,73.47999999999999,78.7,,"<a href=""https://m.stock.naver.com/domestic/stock/460860/total"" target=""_blank"">Naver Mobile</a>"
034810,해성산업,63.71666666666667,61.29166666666668,47.291666666666664,76.23333333333333,70.05,,"<a href=""https://m.stock.naver.com/domestic/stock/034810/total"" target=""_blank"">Naver Mobile</a>"
009270,신원,62.97083333333333,61.43333333333333,47.05833333333333,72.45,70.94166666666668,,"<a href=""https://m.stock.naver.com/domestic/stock/009270/total"" target=""_blank"">Naver Mobile</a>"
462520,조선내화,62.93194444444444,50.0,54.133333333333326,72.71111111111111,74.88333333333334,,"<a href=""https://m.stock.naver.com/domestic/stock/462520/total"" target=""_blank"">Naver Mobile</a>"
058650,세아홀딩스,62.91666666666667,55.974999999999994,47.583333333333336,77.56666666666668,70.54166666666667,,"<a href=""https://m.stock.naver.com/domestic/stock/058650/total"" target=""_blank"">Naver Mobile</a>"
459100,위츠,62.762499999999996,50.0,52.2,63.75,85.1,,"<a href=""https://m.stock.naver.com/domestic/stock/459100/total"" target=""_blank"">Naver Mobile</a>"
440290,HB인베스트먼트,62.683125000000004,50.0,83.12,67.6125,50.0,,"<a href=""https://m.stock.naver.com/domestic/stock/440290/total"" target=""_blank"">Naver Mobile</a>"
085910,네오티스,61.7875,65.8,58.64166666666668,77.23333333333333,45.475,,"<a href=""https://m.stock.naver.com/domestic/stock/085910/total"" target=""_blank"">Naver Mobile</a>"
298050,HS효성첨단소재,61.34583333333333,57.53333333333333,52.76666666666666,59.900000000000006,75.18333333333334,,"<a href=""https://m.stock.naver.com/domestic/stock/298050/total"" target=""_blank"">Naver Mobile</a>"
092440,기신정기,61.293749999999996,53.900000000000006,49.37500000000001,96.69999999999999,45.199999999999996,,"<a href=""https://m.stock.naver.com/domestic/stock/092440/total"" target=""_blank"">Naver Mobile</a>"
120110,코오롱인더,61.070833333333326,58.53333333333334,49.54999999999999,73.24166666666666,62.95833333333332,,"<a href=""https://m.stock.naver.com/domestic/stock/120110/total"" target=""_blank"">Naver Mobile</a>"
290090,트윔,60.94236111111111,74.07777777777778,51.88333333333333,70.94166666666666,46.86666666666667,,"<a href=""https://m.stock.naver.com/domestic/stock/290090/total"" target=""_blank"">Naver Mobile</a>"
011040,경동제약,60.67291666666667,66.10000000000001,48.19166666666666,75.99166666666667,52.40833333333333,,"<a href=""https://m.stock.naver.com/domestic/stock/011040/total"" target=""_blank"">Naver Mobile</a>"
478560,블랙야크아이앤씨,60.5875,50.0,54.9,80.35,57.1,,"<a href=""https://m.stock.naver.com/domestic/stock/478560/total"" target=""_blank"">Naver Mobile</a>"
031210,서울보증보험,58.70833333333333,50.0,50.0,84.83333333333333,50.0,,"<a href=""https://m.stock.naver.com/domestic/stock/031210/total"" target=""_blank"">Naver Mobile</a>"
190650,코리아에셋투자증권,58.24027777777778,63.85,54.73333333333333,39.144444444444446,75.23333333333333,,"<a href=""https://m.stock.naver.com/domestic/stock/190650/total"" target=""_blank"">Naver Mobile</a>"
007330,푸른저축은행,57.88055555555556,66.65,66.31666666666668,23.555555555555557,75.0,,"<a href=""https://m.stock.naver.com/domestic/stock/007330/total"" target=""_blank"">Naver Mobile</a>"
448280,에코아이,56.236875000000005,50.0,51.779999999999994,76.3875,46.78,,"<a href=""https://m.stock.naver.com/domestic/stock/448280/total"" target=""_blank"">Naver Mobile</a>"
029780,삼성카드,55.13888888888889,50.0,74.5,46.055555555555564,50.0,,"<a href=""https://m.stock.naver.com/domestic/stock/029780/total"" target=""_blank"">Naver Mobile</a>"
016610,DB증권,54.584722222222226,82.6,52.583333333333336,33.15555555555555,50.0,,"<a href=""https://m.stock.naver.com/domestic/stock/016610/total"" target=""_blank"">Naver Mobile</a>"
016360,삼성증권,54.576388888888886,66.05,83.93333333333332,18.32222222222222,50.0,,"<a href=""https://m.stock.naver.com/domestic/stock/016360/total"" target=""_blank"">Naver Mobile</a>"
175330,JB금융지주,53.94305555555555,56.15,75.60000000000001,34.02222222222222,50.0,,"<a href=""https://m.stock.naver.com/domestic/stock/175330/total"" target=""_blank"">Naver Mobile</a>"
139130,iM금융지주,52.98611111111111,66.65,68.05,27.24444444444445,50.0,,"<a href=""https://m.stock.naver.com/domestic/stock/139130/total"" target=""_blank"">Naver Mobile</a>"
030610,교보증권,52.959722222222226,70.30000000000001,59.21666666666666,31.522222222222226,50.800000000000004,,"<a href=""https://m.stock.naver.com/domestic/stock/030610/total"" target=""_blank"">Naver Mobile</a>"
316140,우리금융지주,52.331944444444446,56.35,73.06666666666668,29.91111111111111,50.0,,"<a href=""https://m.stock.naver.com/domestic/stock/316140/total"" target=""_blank"">Naver Mobile</a>"
138930,BNK금융지주,51.66111111111111,62.15,64.95,29.54444444444444,50.0,,"<a href=""https://m.stock.naver.com/domestic/stock/138930/total"" target=""_blank"">Naver Mobile</a>"
001940,KISCO홀딩스,,,,,,Scores not found,"<a href=""https://m.stock.naver.com/domestic/stock/001940/total"" target=""_blank"">Naver Mobile</a>"
001230,동국홀딩스,,,,,,Scores not found,"<a href=""https://m.stock.naver.com/domestic/stock/001230/total"" target=""_blank"">Naver Mobile</a>"
001740,SK네트웍스,,,,,,Scores not found,"<a href=""https://m.stock.naver.com/domestic/stock/001740/total"" target=""_blank"">Naver Mobile</a>"
001120,LX인터내셔널,,,,,,Scores not found,"<a href=""https://m.stock.naver.com/domestic/stock/001120/total"" target=""_blank"">Naver Mobile</a>"
002230,피에스텍,,,,,,Scores not found,"<a href=""https://m.stock.naver.com/domestic/stock/002230/total"" target=""_blank"">Naver Mobile</a>"
000390,삼화페인트,,,,,,Scores not found,"<a href=""https://m.stock.naver.com/domestic/stock/000390/total"" target=""_blank"">Naver Mobile</a>"
002960,한국쉘석유,,,,,,Scores not found,"<a href=""https://m.stock.naver.com/domestic/stock/002960/total"" target=""_blank"">Naver Mobile</a>"
003460,유화증권,,,,,,Scores not found,"<a href=""https://m.stock.naver.com/domestic/stock/003460/total"" target=""_blank"">Naver Mobile</a>"
000070,삼양홀딩스,,,,,,Scores not found,"<a href=""https://m.stock.naver.com/domestic/stock/000070/total"" target=""_blank"">Naver Mobile</a>"
000270,기아,,,,,,Scores not found,"<a href=""https://m.stock.naver.com/domestic/stock/000270/total"" target=""_blank"">Naver Mobile</a>"
000970,한국주철관,,,,,,Scores not found,"<a href=""https://m.stock.naver.com/domestic/stock/000970/total"" target=""_blank"">Naver Mobile</a>"
003470,유안타증권,,,,,,Scores not found,"<a href=""https://m.stock.naver.com/domestic/stock/003470/total"" target=""_blank"">Naver Mobile</a>"
002290,삼일기업공사,,,,,,Scores not found,"<a href=""https://m.stock.naver.com/domestic/stock/002290/total"" target=""_blank"">Naver Mobile</a>"
001540,안국약품,,,,,,Scores not found,"<a href=""https://m.stock.naver.com/domestic/stock/001540/total"" target=""_blank"">Naver Mobile</a>"
001750,한양증권,,,,,,Scores not found,"<a href=""https://m.stock.naver.com/domestic/stock/001750/total"" target=""_blank"">Naver Mobile</a>"
002100,경농,,,,,,Scores not found,"<a href=""https://m.stock.naver.com/domestic/stock/002100/total"" target=""_blank"">Naver Mobile</a>"
005940,NH투자증권,,,,,,Scores not found,"<a href=""https://m.stock.naver.com/domestic/stock/005940/total"" target=""_blank"">Naver Mobile</a>"
005180,빙그레,,,,,,Scores not found,"<a href=""https://m.stock.naver.com/domestic/stock/005180/total"" target=""_blank"">Naver Mobile</a>"
003540,대신증권,,,,,,Scores not found,"<a href=""https://m.stock.naver.com/domestic/stock/003540/total"" target=""_blank"">Naver Mobile</a>"
001430,세아베스틸지주,,,,,,Scores not found,"<a href=""https://m.stock.naver.com/domestic/stock/001430/total"" target=""_blank"">Naver Mobile</a>"
003120,일성아이에스,,,,,,Scores not found,"<a href=""https://m.stock.naver.com/domestic/stock/003120/total"" target=""_blank"">Naver Mobile</a>"
002450,삼익악기,,,,,,Scores not found,"<a href=""https://m.stock.naver.com/domestic/stock/002450/total"" target=""_blank"">Naver Mobile</a>"
001790,대한제당,,,,,,Scores not found,"<a href=""https://m.stock.naver.com/domestic/stock/001790/total"" target=""_blank"">Naver Mobile</a>"
003780,진양산업,,,,,,Scores not found,"<a href=""https://m.stock.naver.com/domestic/stock/003780/total"" target=""_blank"">Naver Mobile</a>"
002600,조흥,,,,,,Scores not found,"<a href=""https://m.stock.naver.com/domestic/stock/002600/total"" target=""_blank"">Naver Mobile</a>"
000810,삼성화재,,,,,,Scores not found,"<a href=""https://m.stock.naver.com/domestic/stock/000810/total"" target=""_blank"">Naver Mobile</a>"
003550,LG,,,,,,Scores not found,"<a href=""https://m.stock.naver.com/domestic/stock/003550/total"" target=""_blank"">Naver Mobile</a>"
004150,한솔홀딩스,,,,,,Scores not found,"<a href=""https://m.stock.naver.com/domestic/stock/004150/total"" target=""_blank"">Naver Mobile</a>"
000080,하이트진로,,,,,,Scores not found,"<a href=""https://m.stock.naver.com/domestic/stock/000080/total"" target=""_blank"">Naver Mobile</a>"
001720,신영증권,,,,,,Scores not found,"<a href=""https://m.stock.naver.com/domestic/stock/001720/total"" target=""_blank"">Naver Mobile</a>"
006140,피제이전자,,,,,,Scores not found,"<a href=""https://m.stock.naver.com/domestic/stock/006140/total"" target=""_blank"">Naver Mobile</a>"
000240,한국앤컴퍼니,,,,,,Scores not found,"<a href=""https://m.stock.naver.com/domestic/stock/000240/total"" target=""_blank"">Naver Mobile</a>"
005490,POSCO홀딩스,,,,,,Scores not found,"<a href=""https://m.stock.naver.com/domestic/stock/005490/total"" target=""_blank"">Naver Mobile</a>"
005250,녹십자홀딩스,,,,,,Scores not found,"<a href=""https://m.stock.naver.com/domestic/stock/005250/total"" target=""_blank"">Naver Mobile</a>"
003570,SNT다이내믹스,,,,,,Scores not found,"<a href=""https://m.stock.naver.com/domestic/stock/003570/total"" target=""_blank"">Naver Mobile</a>"
004000,롯데정밀화학,,,,,,Scores not found,"<a href=""https://m.stock.naver.com/domestic/stock/004000/total"" target=""_blank"">Naver Mobile</a>"
